<manifest><control namespace="Dianamics" constructor="PAGHappynator" version="0.0.1" display-name-key="PAGHappynator" description-key="PAGHappynator description" control-type="virtual" api-version="1.3.5"><external-service-usage enabled="false" /><property name="EventName" display-name-key="Property_Display_Key" description-key="Property_Desc_Key" of-type="SingleLine.Text" usage="bound" required="true" /><resources><code path="bundle.js" order="1" /><platform-library name="React" version="16.8.6" /><platform-library name="Fluent" version="8.29.0" /></resources><built-by name="pac" version="1.25.5" /></control></manifest>