<manifest><control namespace="Dianamics" constructor="HappynatorGrid" version="0.0.4" display-name-key="HappynatorGrid" description-key="HappynatorGrid description" control-type="virtual" api-version="1.3.5"><external-service-usage enabled="false" /><data-set name="dataset" display-name-key="Dataset_Display_Key" cds-data-set-options="displayCommandBar:true;displayViewSelector:true;displayQuickFind:true"><property-set name="happyProperty" display-name-key="Property_Display_Key" description-key="Property_Desc_Key" of-type="TwoOptions" usage="bound" required="false" /></data-set><property name="isCanvas" display-name-key="isCanvas" description-key="isCanvas" of-type="SingleLine.Text" usage="input" /><resources><code path="bundle.js" order="1" /><platform-library name="React" version="16.8.6" /><platform-library name="Fluent" version="8.29.0" /></resources><built-by name="pac" version="1.25.5" /></control></manifest>