<?xml version="1.0" encoding="UTF-8" standalone="yes"?>
<manifest>
  <control namespace="Dianamics" constructor="HierarchyChart" version="0.0.5" display-name-key="HierarchyChart" description-key="Hierarchy Chart description" control-type="virtual" api-version="1.3.14">
    <external-service-usage enabled="false"/>
    <data-set name="dataset" display-name-key="Dataset_Display_Key" cds-data-set-options="displayCommandBar:true;displayViewSelector:true;displayQuickFind:true">
      <property-set name="lookupToParent" display-name-key="LookupToParent" description-key="LookupToParent" of-type="Lookup.Simple" usage="bound" required="true"/>
      <property-set name="title" display-name-key="Title " description-key="Title" of-type="SingleLine.Text" usage="bound" required="true"/>
      <property-set name="subtitle" display-name-key="Subtitle" description-key="SubTitle" of-type="SingleLine.Text" usage="bound"/>
    </data-set>
    <property name="entityId" display-name-key="EntityId" description-key="EntityId" of-type="SingleLine.Text" usage="input" required="true"/>
    <property name="Icon" display-name-key="The icon" description-key="" of-type="SingleLine.Text" usage="input"/>
    <property name="BackgroundColor" display-name-key="The background color" description-key="" of-type="SingleLine.Text" usage="input"/>
    <property name="Color" display-name-key="The color" description-key="" of-type="SingleLine.Text" usage="input"/>
    <property name="CardWidth" display-name-key="The width of the cards" description-key="" of-type="Whole.None" usage="input"/>
    <resources>
      <code path="bundle.js" order="1"/>
      <css path="css/styles.css" order="1"/>
      <platform-library name="React" version="16.8.6"/>
      <platform-library name="Fluent" version="8.29.0"/>
    </resources>
    <built-by name="pac" version="1.32.5"/>
  </control>
</manifest>