<manifest><control namespace="Dianamics" constructor="Happynator" version="0.0.2" display-name-key="Happynator" description-key="Happynator description" control-type="virtual" api-version="1.3.5"><external-service-usage enabled="false" /><property name="sampleProperty" display-name-key="Property_Display_Key" description-key="Property_Desc_Key" of-type="TwoOptions" usage="bound" required="true" /><property name="iconOn" display-name-key="IconOn" description-key="IconOn" of-type="SingleLine.Text" usage="input" /><property name="iconOff" display-name-key="IconOff" description-key="IconOff" of-type="SingleLine.Text" usage="input" /><resources><code path="bundle.js" order="1" /><platform-library name="React" version="16.8.6" /><platform-library name="Fluent" version="8.29.0" /></resources><built-by name="pac" version="1.25.5" /></control></manifest>